<?xml version="1.0" encoding="UTF-8"?>
<beans xmlns="http://www.springframework.org/schema/beans"
       xmlns:xsi="http://www.w3.org/2001/XMLSchema-instance"
       xsi:schemaLocation="http://www.springframework.org/schema/beans
       http://www.springframework.org/schema/beans/spring-beans-3.2.xsd"
       default-lazy-init="true">

    <description>shiro安全配置</description>

    <!--安全管理器-->
    <bean id="securityManager" class="org.apache.shiro.web.mgt.DefaultWebSecurityManager">
        <!--设置自定义Realm-->
        <property name="realm" ref="shiroDbRealm"/>
        <!--将缓存管理器，交给安全管理器-->
        <property name="cacheManager" ref="cacheManager"/>
        <!-- 注入session管理器 -->
        <property name="sessionManager" ref="sessionManager" />
    </bean>

    <!-- 会话管理器 -->
    <bean id="sessionManager" class="org.apache.shiro.web.session.mgt.DefaultWebSessionManager">
        <!-- session的失效时长，单位毫秒 -->
        <property name="globalSessionTimeout" value="1000000"/>
        <!-- 删除失效的session -->
        <property name="deleteInvalidSessions" value="true"/>
    </bean>

    <!-- 項目自定义的Realm -->
    <bean id="shiroDbRealm" class="SystemManage.Common.shiro.PersonRealm">
        <!-- 配置凭证匹配器 -->
        <property name="credentialsMatcher">
            <bean class="org.apache.shiro.authc.credential.HashedCredentialsMatcher">
                <!-- 加密的种类 -->
                <property name="hashAlgorithmName" value="MD5"></property>
                <!-- 加密的次数 -->
                <property name="hashIterations" value="1024"></property>
            </bean>
        </property>
    </bean>

    <!-- 用户授权信息Cache, 采用EhCache -->
    <!-- 配置 CacheManager (即缓存管理器) -->
    <!-- 缓存管理器开始 -->
    <bean id="cacheManager" class="org.apache.shiro.cache.ehcache.EhCacheManager">
        <property name="cacheManager" ref="ehCacheManager"/>
    </bean>
    <bean id="ehCacheManager" class ="org.springframework.cache.ehcache.EhCacheManagerFactoryBean">
        <property name="configLocation" value="classpath:ehcache-shiro.xml" />
        <property name="shared" value="true"></property>
    </bean>

    <!-- Shiro Filter -->
    <bean id="shiroFilter" class="org.apache.shiro.spring.web.ShiroFilterFactoryBean">
        <!-- 安全管理器 -->
        <property name="securityManager" ref="securityManager"/>
        <!-- 默认的登陆访问url -->
        <property name="loginUrl" value="/login"/>
        <!-- 登陆成功后跳转的url -->
        <property name="successUrl" value="/"/>
        <!-- 没有权限跳转的url -->
        <!--<property name="unauthorizedUrl" value="/unAuth"/>-->
        <property name="filterChainDefinitions">
            <value>
                /commons/** = anon <!-- 不需要认证 -->
                /static/** = anon
                /imageCode/**=anon
                /login = anon
                /n/**=anon
                /user/**=anon
                <!--/logout = logout-->
                /** = authc <!-- 需要认证 -->
            </value>
        </property>
    </bean>

    <!-- 在方法中 注入  securityManager ，进行代理控制 -->
    <bean class="org.springframework.beans.factory.config.MethodInvokingFactoryBean">
        <property name="staticMethod" value="org.apache.shiro.SecurityUtils.setSecurityManager"/>
        <property name="arguments" ref="securityManager"/>
    </bean>

    <!-- AOP式方法级权限检查  -->
    <!--配置LifecycleBeanPostProcessor.
           可以自定的来调用配置在 Spring IOC容器中shiro bean的生命周期方法. -->
    <bean id="lifecycleBeanPostProcessor" class="org.apache.shiro.spring.LifecycleBeanPostProcessor" />
    <!-- 启用 IOC 容器中使用 shiro 的注解. 但必须在配置了 LifecycleBeanPostProcessor 之后才可以使用. -->
    <bean class="org.springframework.aop.framework.autoproxy.DefaultAdvisorAutoProxyCreator" depends-on="lifecycleBeanPostProcessor" >
        <property name="proxyTargetClass" value="true" />
    </bean>

</beans>