<?xml version="1.0" encoding="UTF-8"?>
<beans xmlns="http://www.springframework.org/schema/beans"
       xmlns:xsi="http://www.w3.org/2001/XMLSchema-instance"
       xmlns:context="http://www.springframework.org/schema/context"
       xmlns:tx="http://www.springframework.org/schema/tx"
       xmlns:aop="http://www.springframework.org/schema/aop"
       xsi:schemaLocation="http://www.springframework.org/schema/beans
       http://www.springframework.org/schema/beans/spring-beans.xsd
       http://www.springframework.org/schema/context
       http://www.springframework.org/schema/context/spring-context.xsd
       http://www.springframework.org/schema/tx
       http://www.springframework.org/schema/tx/spring-tx.xsd
       http://www.springframework.org/schema/aop
       http://www.springframework.org/schema/aop/spring-aop.xsd">

    <!-- spring中的配置-->
    <!-- 启用注解 -->
    <context:annotation-config/>

    <!-- 配置事务管理器 -->
    <bean id="transactionManager" class="org.springframework.jdbc.datasource.DataSourceTransactionManager">
        <property name="dataSource" ref="dynamicDataSource"/>
    </bean>

    <!-- 开启基于注解的事务 -->
    <tx:annotation-driven transaction-manager="transactionManager" proxy-target-class="true"/>

    <!-- 事务管理 属性 -->
    <tx:advice id="transactionAdvice" transaction-manager="transactionManager">
        <tx:attributes>
            <tx:method name="find*" propagation="REQUIRED"/>
            <tx:method name="get*" propagation="REQUIRED"/>
            <tx:method name="add*" propagation="REQUIRED"/>
            <tx:method name="save*" propagation="REQUIRED"/>
            <tx:method name="insert*" propagation="REQUIRED"/>
            <tx:method name="update*" propagation="REQUIRED"/>
            <tx:method name="edit*" propagation="REQUIRED"/>
            <tx:method name="delete*" propagation="REQUIRED"/>
        </tx:attributes>
    </tx:advice>

    <!-- 配置切面 -->
    <aop:config expose-proxy="true" proxy-target-class="true">
        <!--<aop:advisor advice-ref="transactionAdvice" pointcut="execution(* SystemManage.*.service..*.*(..))"/>-->
        <aop:pointcut id="cut1" expression="execution(* SystemManage.*.service..*.*(..))"/>
        <aop:advisor advice-ref="dsChangeAspect" pointcut-ref="cut1" order="1"/>
        <aop:advisor advice-ref="transactionAdvice" pointcut-ref="cut1" order="2"/>
    </aop:config>

</beans>