<?xml version="1.0" encoding="UTF-8"?>
<beans xmlns="http://www.springframework.org/schema/beans"
       xmlns:xsi="http://www.w3.org/2001/XMLSchema-instance"
       xmlns:context="http://www.springframework.org/schema/context"
       xmlns:mvc="http://www.springframework.org/schema/mvc" xmlns:aop="http://www.springframework.org/schema/aop"
       xsi:schemaLocation="http://www.springframework.org/schema/beans
       http://www.springframework.org/schema/beans/spring-beans.xsd
       http://www.springframework.org/schema/context
       http://www.springframework.org/schema/context/spring-context.xsd
       http://www.springframework.org/schema/mvc
       http://www.springframework.org/schema/mvc/spring-mvc.xsd
       http://www.springframework.org/schema/aop
       http://www.springframework.org/schema/aop/spring-aop.xsd">

    <context:annotation-config/>

    <mvc:annotation-driven/>

    <!-- 扫描Controller -->
    <context:component-scan base-package="SystemManage">
        <context:include-filter type="annotation" expression="org.springframework.stereotype.Controller"/>
        <context:exclude-filter type="annotation" expression="org.springframework.stereotype.Service"/>
        <context:exclude-filter type="annotation" expression="org.springframework.stereotype.Repository"/>
    </context:component-scan>

    <!-- aspectj aop启用CGliB代理 -->
    <aop:aspectj-autoproxy expose-proxy="true" proxy-target-class="true"/>

    <!-- 配置视图解析器-->
    <bean class="org.springframework.web.servlet.view.InternalResourceViewResolver">
        <property name="prefix" value="/WEB-INF/views/"/>
        <property name="suffix" value=".jsp"/>
    </bean>

    <!-- 静态资源访问 -->
    <mvc:resources location="/static/" mapping="/static/**"/>

    <!-- hibernate-Validator -->
    <bean id="validator" class="org.springframework.validation.beanvalidation.LocalValidatorFactoryBean">
        <property name="providerClass" value="org.hibernate.validator.HibernateValidator"/>
    </bean>
    <bean class="org.springframework.validation.beanvalidation.MethodValidationPostProcessor"/>

    <!-- json转换器 -->
    <bean class="org.springframework.web.servlet.mvc.annotation.AnnotationMethodHandlerAdapter" >
        <property name="messageConverters">
            <list>
                <ref bean="mappingJackson2HttpMessageConverter" />
            </list>
        </property>
    </bean>
    <bean id="mappingJackson2HttpMessageConverter"
          class="org.springframework.http.converter.json.MappingJackson2HttpMessageConverter" />

    <!-- 支持Shiro对Controller的方法级AOP安全控制 begin -->
        <!-- 开启aop对类代理 -->
    <bean class="org.springframework.aop.framework.autoproxy.DefaultAdvisorAutoProxyCreator" depends-on="lifecycleBeanPostProcessor" >
        <property name="proxyTargetClass" value="true" />
    </bean>
    <!-- 让注解式授权生效 -->
    <bean class="org.apache.shiro.spring.security.interceptor.AuthorizationAttributeSourceAdvisor">
        <property name="securityManager" ref="securityManager" />
    </bean>
    <!-- 定义需要特殊处理的异常，用类名或完全路径名作为key，异常页名作为值 -->
    <!-- shiro 权限异常处理 -->
    <bean class="org.springframework.web.servlet.handler.SimpleMappingExceptionResolver">
        <property name="exceptionMappings">
            <props>
                <!-- 可能会出现的异常以及出现异常跳转的页面 -->
                <prop key="org.apache.shiro.authz.UnauthorizedException">
                    redirect:/unAuth
                </prop>
            </props>
        </property>
    </bean>
    <!-- 支持Shiro对Controller的方法级AOP安全控制 end-->
    <import resource="spring-scheduled.xml" />
    <!--配置拦截器  -->
    <mvc:interceptors>
        <mvc:interceptor>
            <mvc:mapping path="/n/**"/>

            <bean class="SystemManage.Common.until.AuthenticationInterceptor"/>
        </mvc:interceptor>
    </mvc:interceptors>
</beans>