<?xml version="1.0" encoding="UTF-8" ?>
<!DOCTYPE mapper PUBLIC "-//mybatis.org//DTD Mapper 3.0//EN" "http://mybatis.org/dtd/mybatis-3-mapper.dtd" >
<mapper namespace="SystemManage.UserManage.dao.UserDao">

    <resultMap id="BaseResultMap" type="SystemManage.UserManage.entity.User">
        <id column="id" property="id" jdbcType="BIGINT"/>
        <result column="loginname" property="loginname" jdbcType="VARCHAR"/>
        <result column="name" property="name" jdbcType="VARCHAR"/>
        <result column="password" property="password" jdbcType="VARCHAR"/>
        <result column="sex" property="sex" jdbcType="TINYINT"/>
        <result column="age" property="age" jdbcType="TINYINT"/>
        <result column="usertype" property="usertype" jdbcType="TINYINT"/>
        <result column="status" property="status" jdbcType="TINYINT"/>
        <result column="organization_id" property="organizationId" jdbcType="VARCHAR"/>
        <result column="createdate" property="createdate" jdbcType="TIMESTAMP"/>
        <result column="phone" property="phone" jdbcType="VARCHAR"/>
    </resultMap>

    <resultMap id="userVoResultMap" type="SystemManage.UserManage.entity.UserVo">
        <id column="id" property="id" jdbcType="BIGINT"/>
        <result column="loginname" property="loginname" jdbcType="VARCHAR"/>
        <result column="name" property="name" jdbcType="VARCHAR"/>
        <result column="password" property="password" jdbcType="VARCHAR"/>
        <result column="sex" property="sex" jdbcType="TINYINT"/>
        <result column="age" property="age" jdbcType="TINYINT"/>
        <result column="usertype" property="usertype" jdbcType="TINYINT"/>
        <result column="status" property="status" jdbcType="TINYINT"/>
        <result column="organization_id" property="organizationId" jdbcType="VARCHAR"/>
        <result column="createdate" property="createdate" jdbcType="TIMESTAMP"/>
        <result column="phone" property="phone" jdbcType="VARCHAR"/>

        <result column="organizationName" property="organizationName" jdbcType="VARCHAR"/>

        <collection property="rolesList" ofType="Role">
            <id column="roleId" property="id"/>
            <result column="roleName" property="name"/>
        </collection>
    </resultMap>

    <sql id="Base_Column_List">
        id, loginname, name, password, sex, age, usertype, status, organization_id, createdate,
        phone
    </sql>

    <select id="findUserPageCondition" resultMap="userVoResultMap" parameterType="PageInfo">
        SELECT
        t.id,
        loginname,
        t.`name`,
        `password`,
        sex,
        age,
        usertype,
        t.`status`,
        organization_id,
        t.createdate,
        phone,
        s.`name` AS organizationName,
        s.seq AS seq,
        o.seq AS  roleSeq,
        o.id AS roleId,
        o.`name` AS roleName
        FROM
        user t
        LEFT JOIN user_role r ON t.id = r.user_id
        LEFT JOIN role o ON r.role_id = o.id
        LEFT JOIN organization s ON s.id = t.organization_id
        <where>
            <if test=" condition.name != null and condition.name != '' ">
                t.name like '%${condition.name}%'
            </if>
            <if test=" condition.organizationIds != null ">
                t.organization_id in
                <foreach collection="condition.organizationIds" item="item" separator="," open="(" close=")">
                    #{item,jdbcType=VARCHAR}
                </foreach>
            </if>
            <if test="condition.startTime != null">
                <![CDATA[
                  and t.createdate >= #{condition.startTime}
                ]]>
            </if>
            <if test="condition.endTime != null">
                <![CDATA[
                  and t.createdate <= #{condition.endTime}
                ]]>
            </if>
        </where>
        order by ${sort} ${order}
        LIMIT #{from}, #{size}
    </select>

    <select id="findUserPageCount" resultType="java.lang.Integer" parameterType="PageInfo">
        select count(*) count
        from user t
        <where>
            <if test=" condition.name != null and condition.name != '' ">
                t.name like '%${condition.name}%'
            </if>
            <if test=" condition.organizationIds != null ">
                t.organization_id in
                <foreach collection="condition.organizationIds" item="item" separator="," open="(" close=")">
                    #{item,jdbcType=VARCHAR}
                </foreach>
            </if>
            <if test="condition.startTime != null">
                <![CDATA[
                  and t.createdate >= #{condition.startTime}
                ]]>
            </if>
            <if test="condition.endTime != null">
                <![CDATA[
                  and t.createdate <= #{condition.endTime}
                ]]>
            </if>
        </where>
    </select>

    <select id="findUserVoById" resultMap="userVoResultMap" parameterType="java.lang.Long">
        SELECT
        t.id,
        loginname,
        t.`name`,
        `password`,
        sex,
        age,
        usertype,
        t.`status`,
        organization_id,
        t.createdate,
        phone,
        s.`name` AS organizationName,
        o.id AS roleId,
        o.`name` AS roleName
        FROM
        user t
        LEFT JOIN user_role r ON t.id = r.user_id
        LEFT JOIN role o ON r.role_id = o.id
        LEFT JOIN organization s ON s.id = t.organization_id
        <where>
            t.id = #{id}
        </where>
    </select>

    <select id="findUserById" resultMap="BaseResultMap" parameterType="java.lang.Long">
        select
        <include refid="Base_Column_List"/>
        from user
        where id = #{id}
    </select>

    <select id="findUserByLoginName" resultMap="BaseResultMap" parameterType="java.lang.String">
        select
        <include refid="Base_Column_List"/>
        from user
        where BINARY loginname = #{username}
    </select>

    <update id="updateUser" parameterType="User">
        update user
        <set>
            <if test="loginname != null">
                loginname = #{loginname,jdbcType=VARCHAR},
            </if>
            <if test="name != null">
                name = #{name,jdbcType=VARCHAR},
            </if>
            <if test="password != null">
                password = #{password,jdbcType=VARCHAR},
            </if>
            <if test="sex != null">
                sex = #{sex,jdbcType=TINYINT},
            </if>
            <if test="age != null">
                age = #{age,jdbcType=TINYINT},
            </if>
            <if test="usertype != null">
                usertype = #{usertype,jdbcType=TINYINT},
            </if>
            <if test="status != null">
                status = #{status,jdbcType=TINYINT},
            </if>
            <if test="organizationId != null">
                organization_id = #{organizationId,jdbcType=VARCHAR},
            </if>
            <if test="createdate != null">
                createdate = #{createdate,jdbcType=TIMESTAMP},
            </if>
            <if test="phone != null">
                phone = #{phone,jdbcType=VARCHAR},
            </if>
        </set>
        where id = #{id,jdbcType=BIGINT}
    </update>

    <delete id="deleteUserById" parameterType="java.lang.Long">
        delete from user
        where id = #{id,jdbcType=BIGINT}
    </delete>

    <insert id="insert" parameterType="User">
        <selectKey resultType="java.lang.Long" keyProperty="id" order="AFTER">
            SELECT LAST_INSERT_ID()
        </selectKey>
        insert into user (loginname, name, password,
        sex, age, usertype,
        status, organization_id, createdate,
        phone)
        values (#{loginname,jdbcType=VARCHAR}, #{name,jdbcType=VARCHAR}, #{password,jdbcType=VARCHAR},
        #{sex,jdbcType=TINYINT}, #{age,jdbcType=TINYINT}, #{usertype,jdbcType=TINYINT},
        #{status,jdbcType=TINYINT}, #{organizationId,jdbcType=VARCHAR}, now(),
        #{phone,jdbcType=VARCHAR})
    </insert>

    <update id="updateUserPwdById">
        update user
        set password = #{pwd,jdbcType=VARCHAR},
          createdate = now()
        where id = #{userId,jdbcType=BIGINT}
    </update>

    <update id="updatePersonFile" parameterType="User">
        update user
        <set>
            <if test="name != null">
                name = #{name,jdbcType=VARCHAR},
            </if>
            <if test="sex != null">
                sex = #{sex,jdbcType=TINYINT},
            </if>
            <if test="age != null">
                age = #{age,jdbcType=TINYINT},
            </if>
            <if test="createdate != null">
                createdate = #{createdate,jdbcType=TIMESTAMP},
            </if>
            <if test="phone != null">
                phone = #{phone,jdbcType=VARCHAR},
            </if>
        </set>
        where id = #{id,jdbcType=BIGINT}
    </update>

</mapper>