<?xml version="1.0" encoding="UTF-8" ?>
<!DOCTYPE mapper PUBLIC "-//mybatis.org//DTD Mapper 3.0//EN" "http://mybatis.org/dtd/mybatis-3-mapper.dtd" >
<mapper namespace="SystemManage.UserManage.dao.UserRoleDao">
    <resultMap id="BaseResultMap" type="SystemManage.UserManage.entity.UserRole">
        <id column="id" property="id" jdbcType="BIGINT"/>
        <result column="user_id" property="userId" jdbcType="BIGINT"/>
        <result column="role_id" property="roleId" jdbcType="BIGINT"/>
    </resultMap>
    <sql id="Base_Column_List">
        id, user_id, role_id
    </sql>

    <select id="findUserRoleIdByUserId" resultType="java.lang.Long" parameterType="java.lang.Long">
        select
        id
        from user_role
        where user_id = #{userId,jdbcType=BIGINT}
    </select>

    <select id="findRoleIdListByUserId" resultType="java.lang.Long" parameterType="java.lang.Long">
        select
        role_id AS roleId
        from user_role
        where user_id = #{userId,jdbcType=BIGINT}
    </select>


    <delete id="deleteById" parameterType="java.lang.Long">
        delete from user_role
        where id = #{id,jdbcType=BIGINT}
    </delete>

    <!-- 批量删除 -->
    <delete id="batchDelete" parameterType="java.util.List">
        delete from user_role
        <where>
            id in
            <foreach collection="list" item="item" separator="," open="(" close=")">
                #{item,jdbcType=VARCHAR}
            </foreach>
        </where>
    </delete>

    <insert id="insert" parameterType="UserRole">
        <selectKey resultType="java.lang.Long" keyProperty="id" order="AFTER">
            SELECT LAST_INSERT_ID()
        </selectKey>
        insert into user_role (user_id, role_id)
        values (#{userId,jdbcType=BIGINT}, #{roleId,jdbcType=BIGINT})
    </insert>

    <!-- 批量新增 -->
    <insert id="batchInsert" parameterType="UserRole">
        <selectKey resultType="java.lang.Long" keyProperty="id" order="AFTER">
            SELECT LAST_INSERT_ID()
        </selectKey>
        insert into user_role (user_id, role_id)
        values
        <foreach collection="list" item="item" index="index" separator=",">
            (#{item.userId,jdbcType=BIGINT}, #{item.roleId,jdbcType=BIGINT})
        </foreach>
    </insert>

    <update id="updateByPrimaryKeySelective" parameterType="UserRole">
        update user_role
        <set>
            <if test="userId != null">
                user_id = #{userId,jdbcType=BIGINT},
            </if>
            <if test="roleId != null">
                role_id = #{roleId,jdbcType=BIGINT},
            </if>
        </set>
        where id = #{id,jdbcType=BIGINT}
    </update>

</mapper>